<?xml version="1.0" encoding="utf-8"?>
<extension type="module" version="3.1.0" client="site" method="upgrade">
    <name>Obacht! Instagram</name>
    <author>Andreas Schuster</author>
    <version>1.0.0</version>
    <description>Einbinden eines Instagram Media Stream</description>
    <files>
        <filename>mod_obacht_instagram.xml</filename>
        <filename module="mod_obacht_instagram">mod_obacht_instagram.php</filename>
        <filename>index.html</filename>
        <filename>helper.php</filename>
        <filename>tmpl/default.php</filename>
        <filename>tmpl/index.html</filename>
    </files>
    <!--<folder>sql</folder>-->
    <config>
        <fields name="params">
			<fieldset name="basic">
				<field
					name="longtime_api_token"
					type="text"
					label="Token"
					description="MOD_OBACHT_INSTAGRAM_TOKEN_DESC"
					default=""
				/>
            </fieldset>
        </fields>

    </config>
    <!--<install>
        <sql>   
            <file driver="mysql" charset="utf8">sql/mysql/install.mysql.utf8.sql</file>
        </sql>
    </install>

    <uninstall>
        <sql>
            <file driver="mysql" charset="utf8">sql/mysql/uninstall.mysql.utf8.sql</file>
        </sql>
    </uninstall>

    <update> 
        <schemas>
            <schemapath type="mysql">sql/mysql/updates</schemapath> 
        </schemas> 
    </update>-->
</extension>